StartDate,Q1,user_id,StartDate_month_day,group
2024-09-30 12:14:44,今日も軽く頭痛があったが、仕事に行った。昨日ほどではなかったが、頭痛で仕事中に少し辛くなることが何度かあった。無事に仕事を終え、帰宅途中にスーパによってセールの食材を買った。その後帰って、掃除機をかけた。思ってたよりもあまり部屋が汚くなかった。その後、風呂に入って、YouTubeを見て残りの一日をゆったりと過ごした。,1127132,09月30日,groupb
2024-09-30 12:32:50,今日はいつも通り仕事でした。週末少し夜更かししてしまったので、朝起きるのがつらかったです。お昼はウーバーを注文しました。評価が良かったネパールカレーのお店でしたが、衛生的に少し不安を感じる梱包だったので、もう頼まないと思います。,3935504,09月30日,groupa
2024-09-30 12:32:39,昨夜はなかなか寝付けず、結局起きてしまい寝られたのは4時前だった。朝はギリギリ8時頃まで寝ていたが、なんとか起きられた。子供も寝るのが遅かったが、今朝はなんとか8:30に比較的すっきりと起きてくれて助かった。ママだっこして〜とかわいく甘えてスッキリと起きてくれる子どもがかわいく愛おしい。無事朝食や準場を済ませ、保育園に送り午前中の仕事もまずまずの仕上がり。午後は少し休息しつつ残りの仕事を片付けたいと思う。,Yuko_office,09月30日,groupb
2024-09-30 12:33:13,今日は夫が休みを取ったので、朝はゆっくりと9時まで寝坊をしました。長く寝すぎてしまったからか、体がだるくてなかなかベッドから起き上がることができませんでした。それでもなんとか体を起こし、おそめの朝食の用意をしてお昼兼用の食事を終えたところです。最近は休みがあっても、どこにでかけるでもなくただダラダラしてしまうのは、年齢のせいでしょうか。,94338,09月30日,groupc
2024-09-30 12:34:08,昨夜はネットで子どもの誕生日プレゼント探しをしていて寝るのが遅くなってしまった。昨日に続き目覚めが悪い。二人暮しにしては多すぎる洗濯物を干し、光る君へを観ながら秋らしい煮物を作った。とてもおいしい。あれこれと雑用が多すぎて頭がパンクしそうだが、ひとつひとつ片付けていけば終わるはず。がんばれ私！,2503650,09月30日,groupa
2024-09-30 12:36:11,今日は昨日夜から体調があまり良くなく、ほとんど何もせずに過ごした。明日の予定があるのでそれに向けて準備だけすることにした。小児科に連れていくことになっている。娘は元気でよく食べ、バナナと豆腐など食べさせて一緒にお昼寝することにした。,にゃすも,09月30日,groupb
2024-09-30 12:35:04,夜も眠れていたはずだが、とにかく身体がだるく眠い。咳もとまらず、胸の辺りがすっきりしない。掃除機をかけなければと思ったがクイックルワイパーだけやることにした。こんな手の抜き方も、悪くないなと思う。今日は一人で運転しようかと思ったけど必要にせまられないとなかなか重い腰があがらない。,1264394,09月30日,groupb
2024-09-30 12:34:49,昨夜は、次男が何度も起きて泣いたのでつらかった。寝不足が続くと辛いので、早く夜泣きがなんとかならないか悩んでいる。一方で、朝起きると正座の姿勢ができるようになり、成長を感じた。長男は昨日外でたくさん遊んだので疲れていたのか、朝起きるのが辛そうだった。それでもお気に入りのパンを食べてもらって元気に外に出られたので良かった。,4999612,09月30日,groupc
2024-09-30 12:35:48,今日は自民党総裁選後初の株式市場の営業日だったけれど、かなり地合いが悪くてほとんど取引が出来ませんでした。8月の大暴落を思い出させるような動き方で、今後もこのまま続きそうだからとても不安になりました。早く元の株式市場に戻ることを願うとともに、少しでもマシな取引が出来るよう頑張りたいです。,4651532,09月30日,groupb
2024-09-30 12:35:20,今朝は上の子の体育祭朝練があるため、いつもより早く起きた。いつもの通りお弁当と朝ご飯を作り、6:30に駅へ送った。下の子は連日の塾通いで疲れており、遅めの起床。朝ご飯を作り、身支度をさせて、7:25に送り出した。その後、洗濯、ゴミ出し、掃除を終えてから自分の朝ご飯を食べた。,5289773,09月30日,groupa
2024-09-30 12:35:33,最近やっと日中も秋らしくなってきて、体感的に心地よくてホッとする。空気も乾燥していて、たくさん洗濯しても気持ちよく乾くので、子供たちの長袖のTシャツなど、まとめて洗っていつでも着用できるように準備した。大変だったけどスッキリした。家族みんなで秋の季節感をいろいろ堪能できたらいいな。,5231896,09月30日,groupa
2024-09-30 12:35:35,本日は月曜ですので朝のドラマを見るべく6時45分に起きました。昔やっていたスクールウォーズの再放送がBSでやっているのです懐かしく鑑賞しました。  午前は頼まれている車検のため陸運局に行き通してきました。月曜なので少し台数は多かったのですが時期的にスムーズに進み待ち時間も少なかったです。  その後乗って帰ってきて車の清掃をし納車までしてきました。  今から昼食です、午後は溶接の仕事がありますが今の時期は涼しくなりだいぶやりやすくなってきていますね。  嫁さんは本日はパートに出ているのですが夕方には帰ってきますので作業はそれまでには終わらせたいと思っています。,3602839,09月30日,groupa
2024-09-30 12:36:44,今日のお昼は鶏のから揚げを作った。  このあいだ買って冷凍しといた鶏ももを、昨日冷蔵庫に入れて、今朝見たら解凍されてたのでそれを使った。  鶏を一口サイズに切ってビニール袋に入れ、タルタルソース、白だし、めんつゆをそれぞれ小さじ1杯程度入れ、袋ごと揉み込む。  それを30分置いて、片栗粉で衣をつけて揚げたのだが、ちょっと肉がゴムみたいな食感だったけど、味は抜群に美味しかった。  これは、日本料理の料理人の野永さんという方のレシピを参考にさせてもらったのだが、野永さんはタルタルではなくマヨネーズだけど、私はタルタルのほうが好きなのでこちらで作ってる。  今日もしっかり食べれてよかった。,3985102,09月30日,groupb
2024-09-30 12:36:12,朝から腹痛。気候だけが気持ちよく、自身は最悪なスタートだ。それでも娘のお弁当は必死で作る。午後からは頭痛がプラスされ、何も出来ないまま半日が過ぎた。こんなことは日常茶飯事。その中で楽しみやうれしいことを見つけることは難しく、今年のカレンダーが残り１枚であることに恐怖を覚える。,rdkny933,09月30日,groupa
2024-09-30 12:37:04,今日は7:30に起きた。まず、明日の相談を受けるための準備として資料を印刷。それからMOSの勉強に取りかかった。中２日ほど空き、前回の復習から始めたけど、出題範囲１はほぼ完璧。出題範囲２がまだまだだと感じた。そして先へ進めて出題範囲３。難易度は若干難しくなったとは思うが全く問題無さそう。そして今日は夫の仕事が午前中だけのようなので、一緒にお昼。安いお蕎麦屋さん。,ys15_cw,09月30日,groupa
2024-09-30 12:44:13,今日は通常の出勤日でした。  7時に起床し朝食を食べて、7時半に家を出ました。  仕事では、一日打ち合わせがなかったので、デスクワークを行っていました。前日によく眠れていたため、集中して仕事を行うことができました。  20時ごろに退社し、22時には布団に入ることができました。,mo3177chi,09月30日,groupc
2024-09-30 12:42:49,今日、地方に住む友人から季節の果物「ぶどう」が届きました。さすが産地だけあって喉が痛くなるくらい甘いぶどうでした。こんなに美味しい果物をいつも送ってくれる友人に感謝、そしてこんなに美味しい物を食べられる事に感謝です。季節を感じられる食材は景色も感じられて素敵です。,878721,09月30日,groupc
2024-09-30 12:53:35,今日は午前中に台所の排水溝の掃除をしました。排水溝は油汚れなどが溜まりやすいので週に一度は念入りに掃除をすることにしています。毎週の掃除は大変に感じますが、掃除をしないとつまりや悪臭の原因になるので頑張って掃除しています。この掃除を誰かに代わってもらいたいと毎回思いますが私が担当することにしています。掃除終了後は、趣味の塗り絵を楽しめたのでリフレッシュすることができました。,4409144,09月30日,groupc
2024-09-30 13:03:46,朝ドラが今日からおむすび。虎に翼とのギャップが激しい。久々に少女漫画を読んだような気分。そしてB'zもものすごく久々に聴いた。松平健がおじいちゃんで麻生久美子がお母さんなら娘は橋本環奈だよなぁと改めて思った。  充希ちゃん、外であまり遊ばず。30分しないうちに「そろそろ」と言って家の中に入ろうとする。この子もインドアか。でもビタミンDは生成してほしい。  昨日作れなかった離乳食のかぼちゃバターをなんとか作ってストックを増やした。私えらい。,1220629,09月30日,groupa
2024-09-30 12:57:38,今日で9月も終わりだ。そうこう言っているうちに年の瀬を迎えてしまうのは毎年のことだ。残念ながら昨日は良い結果には恵まれなかった。夢というのは不思議なものとつくづく実感してしまった。先週から崩していた体調もだいぶ良くなってきている。10月になる明日からは身体も心機一転迎えられそうだ。,4002112,09月30日,groupb
2024-09-30 13:05:58,朝食に柿を食べた。出始めの柿なのであまり期待していなかったが、甘くてとても美味しかった。柿はビタミンCが豊富に含まれているようなので、積極的に摂取したいと思った。秋は美味しい果物がたくさんあるので、これからいろいろ食べるのが楽しみだ。,4173223,09月30日,groupb
2024-09-30 13:09:35,今朝は午前7時半に起床。最近朝は必ずプロテインを飲んでいる。これでがっつり筋トレができたらなおいいのだろうけど、スクワットぐらいしか出来ていない。来月、ニュージーランドに行くことが決まったのでそれまでに少し筋力をつけておきたいところだ。今日は、スクワットだけではなく腕立てを追加しようかな。,acu9751cw,09月30日,groupb
2024-09-30 13:07:52,休み明けで今日から仕事です。  このところ月曜は休日が続いていたので、週5日も働くのかと思うと初日から憂鬱ではあります。  ただ、自分の周りも取引先も同じような状況なのか、まだ動き出しは鈍く、いきなり厳しい状況には追い込まれていないのが救いです。  まだ始まったばかりですが、地道に一日ずつこなしていけば、きっとまた週末になっているでしょう。,3327831,09月30日,groupc
2024-09-30 13:13:05,30日(月)  本日は、妻は出社、私はリモートワークでした。  娘二人は小学校です。  上の子が、学校の授業で林業体験をするそうです。  明日は、学校が休み、私も有休のためペットのモルモットとうさぎの爪切りにペットショップへ行く計画を子どもたちと立てました。,quartet456,09月30日,groupc
2024-09-30 13:10:48,今日は月曜日。また一週間が始まった。何かがあるわけではないが、月曜日は少し憂鬱になる。土日ゆっくりと休んだぶん、仕事モードに慣れるまである程度時間がかかるのだ。なので午前中は準備しておいた美味しいアイスコーヒーとともに仕事を始めた。楽しみを持っておくとモチベーションが上がってよいと思った。,4658590,09月30日,groupa
2024-09-30 13:11:38,お昼に能登半島の大雨による被災状況のニュースを見て、杏林堂にミネラルウォーターとスポドリを注文しておくのを思い出した。ネットのお店からだと、お米はまだ注文できないみたい。店頭にあるのは確認しているので、今月は5kgのお米を家まで背負うしかなさそう。今年は、買い物弱者に厳しいな……    10/3　午前中配送  （ミネラルウォーター3ケースとダカラ1ケース）￥2378,5780152,09月30日,groupb
2024-09-30 13:19:03,政務担当首相秘書官といえば、辞める岸田総理の長男翔太郎が不祥事により辞任したことが記憶に新しい。公設秘書が務めることが多いと聞くが、石破首相（予定）も政策秘書の吉村麻央氏が務めると言う。2006年彼女が防衛庁官僚と結婚する際に、石破氏以上の軍事オタクであると紹介された雑誌の記事をはっきりと覚えている。女性政策秘書で軍事オタクなんてインパクトが強すぎた。もう一人の政務秘書官も槌道元防衛審議官なので、石破氏らしいといえばらしい人選だと思う。,5196867,09月30日,groupa
2024-09-30 13:19:48,家族サービスをした後の週明けのさわやかな出勤のもと今週の仕事を始めました。年末の商戦に向けての準備もかなり本格化してきており、今年も早いと思いながら年末年始の予定も頭の中に浮かんできて、実家への帰省や子供の冬休みの過ごし方などを考えました。とりあえずは今年の仕事が無事に終わることの大切さを改めて感じました。,4733003,09月30日,groupc
2024-09-30 13:19:22,日常的な作業をしていたが主にパソコンだったので、やや目が疲れて疲労感を感じていた。天気はそれほど暑くなかったので肉体的な負担は軽く、快適に過ごせているなと思った。日用品の定期購入の商品が届いたので、それを保管する作業も行った。,3564821,09月30日,groupc
2024-09-30 13:25:52,今日は遅い時間からの出勤です。なので、好きなことをできる時間がたくさんあります。そんな日に行っているのは、副業です。飲食店で働く以外にも、ライターとしても活動しています。ありがたいことに、たくさん依頼をいただけています。これからも頑張っていきたいです。,naotok24,09月30日,groupc
2024-09-30 13:20:34,今朝はとても寒く感じたので、ホットコーヒーを飲もうと豆を挽いてみた。時間の無い時に、この作業を行うのは苦痛だが、余裕のある時に行う分には心地の良い運動である。マグを温め挽いた粉をセットし、90度のお湯を注ぎ・蒸らし・また注ぐ。しばらくしたら、慌ただしい朝の戦争が始まる･･･。しばらくの間、目の前にある美味しいコーヒーと、この静けさを楽しもうと思う。,707767,09月30日,groupb
2024-09-30 13:30:16,宅建士の勉強。  今までで1番手応えはあるものの、まだまだ合格圏内に届かず。  時間がなくなりつつあり、焦りもあるが、もう一踏ん張りしたい。  合格圏内に安定して入れるまではホットヨガも控えることに決めた。  合格のためにもホットヨガのためにも今は勉強をがんばりたい。,5612737,09月30日,groupb
2024-09-30 13:29:14,今日は週明けの月曜日。日曜日にはしっかり休養しようと思っていたけど、昨日は子供の誘惑に負けて、一緒に夜遅くまで夜更かししたので寝不足で眠かった。もう少し手のかかる仕事をしようと思っていたけど、定例の仕事だけにする。ミスは怖い。,1743130,09月30日,groupb
2024-09-30 13:38:46,職場に行ったら、臨時ボーナスが出た。予想していなかったため、とてもテンションが上がった。従業員にしっかり還元してくれている社長に感謝したい。たくさん欲しいものがあるので、臨時ボーナスで何を買うかゆっくり考えたいと思う。,4680788,09月30日,groupb
2024-09-30 13:41:35,今日はパソコンを使って事務作業を行っていました。朝から体がだるく、足が筋肉痛で、あまり作業に集中できませんでした。何度か眠気もあり、疲れやすかったです。昨晩、あまりよく眠れなかったことが原因ではないかと思います。,yoimachigusa,09月30日,groupb
2024-09-30 13:46:59,妻は昼休憩時に帰宅し、私は昼ご飯担当である。これは数年間私の体の調子が良くない日以外はほぼ日課となっている。いつもは麺類が多いが今日はおにぎりとみそ汁を作った。世間でよく言う悪魔のおにぎり的なやつだ。youtubeを参考にした。薄味だったがとても美味しかった。妻にも合格点をいただく。今度は子供たちにも食べてもらおう。,5109125,09月30日,groupa
2024-09-30 14:02:46,涼しくなったので、わりかし眠れた。今日は朝から静かな雰囲気だ。だけど胃もたれのせいであまり気分は良くない。午後から出かけるので気合いを入れる。なんとか１日乗りこえられるだろうか。節約しなければならないのがつらい。,1103016,09月30日,groupc
2024-09-30 14:09:29,今朝は起床時間が遅く、朝食の時間も遅かったので、昼食は軽い内容で済ませようと正午過ぎになってからインスタント袋麵の調理に取り掛かったものの、そのまま食べるのではなんとなく味気なく思えてしまい、冷蔵庫にある食材でできるトッピングとして豆板醤のピリ辛炒め（挽肉・もやし・玉ねぎ）を作って盛り付けてみると、とても本格的なラーメンが出来上がり、結果的にボリューム満点な昼食になってしまった。,3536109,09月30日,groupc
2024-09-30 14:10:10,今朝、宅配便が届いた。以前申し込んでいたふるさと納税のぶどうだ。シャインマスカットとナガノパープルのセットで、さっそく朝食時にいただいたが瑞々しくてとても美味しかった。今年も例年通り、食欲の秋になりそうだ。,1117797,09月30日,groupb
2024-09-30 14:19:43,今日は、家から1時間かけて徳島まで行き、ラーメン屋さんに行った。王者 -23というラーメン屋で今日で行くのは10回目になる。今回は「牡蠣のpremium冷やし」とい期間限定の冷やしラーメンを食べた。自家製麺でとても美味しかった。,4006340,09月30日,groupa
2024-09-30 14:17:44,今日は月曜日。子供達が何とか元気に学校に行ってくれて良かった。予定通りに、くら寿司で、うどんとお目当てのお寿司が食べられて良かった。帰りにドラックストアでポイント目当てに買い物したが、購入した商品がポイント対象外でがっかりした。,113407,09月30日,groupb
2024-09-30 14:19:32,一般的なカレンダー通りでない生活が続くと、月曜なのに人が少ないとか銀行が閉まっているとかで祝日に気づかない。特に用がなかったとしても、大体半日過ぎたあたりで人類がほぼ滅んだ後のような巷の違和感がありああそうか今日は三連休の...となる。そんな時かならず、盆と正月はもう少し分散させた方が諸々に良い影響をおよぼすのに、と考えるのは飛躍しすぎだろうか,2141268,09月30日,groupa
2024-09-30 14:18:19,9月30日。明石の天気は曇り。このところ、曇りが続いている。そのせいか、なんとなく頭が重く気分がすっきりしない。昨日夜中まで仕事をしていたせいで、午前中寝過ごしてしまった。正午頃に起きてシャワーを浴びたあと朝昼兼用の食事をとり、今、この日記を書いている。今日もこれから夜中まで仕事をしなければ。明日の朝10時までに2記事書かなければいけないので、必死だ。その次は10月4日までに画像加工の作業。本当に仕事しかしていないし、仕事のことしか書くことがない。来週からはもう少しスケジュールにゆとりが出ることを祈ろう。,1454035,09月30日,groupc
2024-09-30 14:20:32,今日は午前中から庭の草取りをしました。  花壇周りの雑草を取り除いただけなので大して時間はかかりませんでしたが、それでも終わってみれば結構汗だくに。シャワーでスッキリした後は眠くなってしまい、思ったよりも疲れたようです。  今日で9月も終わるというのに、日中はまだまだ暑いなと実感しました。,769122,09月30日,groupc
2024-09-30 14:23:17,今日は授業参観の振替休日で子ども達がお休みだったので、近くのショッピングモールに出かけた。私が明日から職場復帰なので、仕事に着ていく服を買った。服を選んでいる間、だいぶ待たせてしまったので、子ども達に500円を上限に好きなものを買ってあげることにした。長男はポケモンカード、次男はトミカ。その後は久々のマックでお昼を食べて帰途についた。,makimaki0519,09月30日,groupa
2024-09-30 14:28:46,今日は慣れない作業を行っていましたが、なんとか完了したので、またひとつ成長したなという感じになりました。    あまり多く新しいことばかりやるのはストレスにも感じますが、ほどよくストレスがあるのは日々の成長と適度な緊張感、成長を感じられるものがあっていいです。,106610,09月30日,groupc
2024-09-30 14:27:07,定時に起床、週が明けて今日からはいつも通りの平常業務に付いた。月終わりという事もあり来月10月の月次業務連絡などを社内の全体ZOOMで行い情報を交換した。連休がある事もあるが気候が良くなってきたこともあり私自身含めて有休を使う人がそこそこ多いようでその辺のシフト調整の確認を済ませておいた。今の会社に入ってから有休を気軽に取りやすい点は非常に有難いなと改めて感じた日だった。,4923339,09月30日,groupb
2024-09-30 14:18:27,最新映画公開を前に「踊る大捜査線」のTVシリーズと劇場版が再放送されている。今まで数えきれないほど見ているのに全然飽きないのは、ストーリー展開が秀逸だからだなと再認識。今の街並みからは想像できない、何もないから「空き地署」と呼ばれていたお台場が懐かしくてたまりません。,3266322,09月30日,groupb
2024-09-30 14:38:13,今日は娘が初めてトイレで排便できた。２歳半からトイレトレーニングを始めて、おしっこは日中のおしっこは１週間ほどで卒業。夜のオムツも1か月ほどで濡らさなくなった。うんちが出そうと教えてくれるも、どこかに隠れたままオムツにすることから抜け出せず、うんちに関する絵本の読み聞かせをした。すると今日突然、トイレでしてみよっかな〜と自らトイレに行き、座って、ぽちゃん。何とかしてあげなくちゃという私の気持ちとは反対に、娘は自分からすることができた。もっと娘に任せて、見守ると言う気持ちが大切だなと実感した。,3989245,09月30日,groupa
2024-09-30 14:58:17,午前中にZoomで仕事の打合せ。最近は相手との距離に関係なく仕事ができるので、本当に便利な世の中になったもんだと、改めて思う。とはいえ、先日、同業の友人が、時間も関係なくなり夜中の打合せもあると嘆いていたことを思い出し、便利なだけでは済まないこともあるのかと思い直してみる。何にでも二面性はあるものである。,1452004,09月30日,groupb
2024-09-30 14:56:08,本日は、仕事の休みの日で、天候が曇りと悪いのでしたが、気温が高くなく、自家用車で買い物や近隣のドライブで外出しておりました。  月末のわりに東京周辺道路も混んでいなく、快適に走行出来ておりました。  気温が下がると、快適な日となります。  明日も休みです。明日は、都民の日となります。    ,4011894,09月30日,groupa
2024-09-30 15:03:51,母の定期的な通院のために午前中は仕事を休み、朝から車でクリニックで送迎し、帰りにスーパーで夕食のお弁当と一週間分の食材の買い物をしました。空模様は昨日に続いて今日もぐずついており、なんとなく気分もあまり良くありません。,1359285,09月30日,groupa
2024-09-30 15:09:04,今日は久しぶりにカップラーメンを食べました。最近は健康のことを考えて、カップラーメンを控えていたのですが、久しぶりに食べたくなったので食べました。美味しいといえば美味しいのですが、昔ほど美味しいと感じなくなってきました。食べる前は楽しみでワクワクしていたのですが、食べてみるとそれほどでもないなと感じました。そのように感じることは大人になった今時々あります。昔は何を食べても美味しかったように思うのですが、舌が肥えてしまったのだろうか。昔の何を食べても美味しかった頃のほうが幸せだったような気もします。,1641297,09月30日,groupa
2024-09-30 15:19:35,今日は用事があったので電車に乗り出掛けました。その出先で回転寿司のお店に入りました。お皿の柄ごとに価格が異なるお店で美味しくいただきましたが、タッチパネルで注文した商品の１つがしばらく経っても届かず、店員さんに伝えてもなかなか出てこず、やっと出てきたと思ったら、同じ商品をもう一度届けられて「さっき届いたので同じものをもう食べられません」と伝えて引き取ってもらいました。美味しかったのにお店のオペレーションが上手くいっていないお店だったので少し残念な気持ちになりました。,2977582,09月30日,groupb
2024-09-30 15:48:43,九月の最終日、今日も素晴らしい秋晴れ。明日から少し天気が崩れるらしいが、どうなるだろうか。台風も気になるところ。  そろそろ本格的に衣替えもしないと。十月も洗濯日和が多ければいいのだけど。    今日はデパ地下にて大きなマグロの血合いを格安で購入できたので嬉しい。角煮にして食べるのが一番好きだ。減塩を意識しつつ美味しく作ろう。  そういえば十月からいろいろと値上げするらしいけど、チョコレートの値上げが地味に痛い。これを機に食べる量を減らしてダイエットでもしたらいいのか？　無理だろうな。,4921532,09月30日,groupa
2024-09-30 15:54:42,今日は月末で稼働調整をしたいクライアントさんからのご依頼が重なり、なかなか慌ただしかったです。病院に行く予定でしたが明日に行くことにしました。仕事の合間に洗濯が捗りました。ひとまず落ち着いたためこの後夕食の用意に取り掛かろうと思います。,mor2kir1500,09月30日,groupb
2024-09-30 15:58:58,今日は息子が前期の通知表を持って帰ってきました。今まで国語・算数・理科・社会・英語は全部『大変良い』の評価でしたが、今回は半分くらいが『良い』に下がっていました。日頃から頑張って勉強して、定期テストでは全教科満点を取る事がほとんどだったのですが、担任の先生の評価は『主体的に取り組む』がほぼ全教科で下がっていたので、息子のやる気をあまり感じなかったようです。たしかに最近反抗期でダラダラしている様子は家でも見受けられるので、これを機に残りの小学校生活の中でやる気を出して頑張って欲しいと思います。,5372982,09月30日,groupa
2024-09-30 16:07:35,今日は幼稚園帰りに息子を歯医者に連れて行った。だいぶ前に行った時は大泣きして何も出来なかったが、年長さんになった今、おりこうさんにしていたので大きくなったものだなと思った。結局、矯正を勧められたので今度から矯正歯科通いがはじまる。毎月の喘息の病院、習い事に加えて歯科通いが始まるとなると私も大変だが、子供の為に頑張るしかない。,1778742,09月30日,groupc
2024-09-30 16:06:49,朝、子供たちを学校へ送り出してから簡単な掃除と洗濯をすまして、仕事に行きました。そんなに忙しくない作業だったので、いつも通りの帰宅になりました。でも、その帰り道に車の不具合が見つかり、これからかかるであろう修理費用を思いすごく残念な気持ちになりました。その気持ちをきりかえようと、お土産で貰っていたバームクーヘンを子供たちと食べました。,3836202,09月30日,groupc
2024-09-30 16:10:15,今日は9時から15時まで株のトレードをしたが、残念ながら利益を出せなかった。午前中は急騰につられて高値掴みしてしまい、とても悔しい思いをした。午後も急落に耐えられず安値で損切り。最後に少しだけ稼げたのは良かったが、1日の収支はマイナスに終わった。明日から10月が始まる。良いスタートを切りたい。,1335657,09月30日,groupa
2024-09-30 16:45:49,9月30日月曜日。出社前にシャワーを浴びたが、さすがに水では寒い気候になった。「やっと」と言ってもいいかもしれない。明日からは10月なんだし。髪を洗っていて思ったが、腕に髪の毛が一本ついているだけで分かる人間の触覚ってすごいんじゃないか。同時に、指に絡むうっとうしい髪をまとめながら、まつ毛や鼻毛に役割があるのは理解できる気がするけれど、髪の毛ってほんとに必要なものなのだろうか？と考えた。  久しぶりに雲の少ない良いお天気だが、会社の中は冷房が効きすぎていて寒い。  ,2579314,09月30日,groupa
2024-09-30 16:52:56,先程仕事がようやくひと段落つきました。今日は完徹で今まで仕事をしていたのでとてもつらいですが、何とか月末の納期に間に合ったので正直ほっとしています。先程必要な買い出しも終えたので今日の業務は終了です。一区切りついたので夕方からの残りの時間は１人でゆっくりくつろいで過ごそうと思います。,2331402,09月30日,groupc
2024-09-30 17:02:52,食堂で働いている母が廃棄予定だった惣菜と白ご飯を大量に持って帰ってきてくれた。夕飯の準備をしなくて済んだのでラッキー。食費も1日分浮いて嬉しかった。全体的に食料品が値上がりしているので助かる。毎日、持って帰ってきてくれることに期待したい。,4550563,09月30日,groupa
2024-09-30 17:03:27,今日は新しい朝ドラ「おむすび」を見てから1日がスタートしました。  明るい雰囲気のドラマで、これから半年、どんな物語になるのか楽しみな気持ちになりました。  また、今日は在宅でのお仕事を少し行いました。  現在はメインでメッセージカードの代筆業務を行っています。  上手に書けると達成感があります。,5261619,09月30日,groupc
2024-09-30 17:25:44,涼しくなった途端、小学生の娘が登下校中蚊に刺されるように。虫よけスプレーと虫よけブレスレットのダブル使いでも毎日一か所以上刺されます。本日スプレーの方がなくなったのでドラッグストアに買いに行ったら、品ぞろえが真夏以上に充実していました。昨今の猛暑は蚊すら活動停止に追い込むのだなと痛感しました。,4340461,09月30日,groupb
2024-09-30 17:23:16,今日は朝7時に起きて、職場に出勤した。仕事では特に何もトラブルも起こらなくて、スムーズに仕事をすることが出来た。朝から歯が痛かったので歯医者に予約をして、仕事終わりに歯医者へ行った。歯医者から家に帰ってきて、晩御飯にはビーフシチューを作った。,4213579,09月30日,groupb
2024-09-30 17:27:52,今日は月曜日の割に仕事の量が少なく、なかなかに暇なスタートだった。仕方ないとはいえ、体力のある月曜が暇だと週末までの体力配分が難しくなるのが困りどころ。  子供に優しくしよう、無駄に怒らないようにしようの心掛けは今のところ保てている。夜、寝るまでちゃんと心が暴れないようにフラットを心がける。がんばれ自分。,2933157,09月30日,groupc
2024-09-30 17:27:28,今日は1日仕事でしたが、それほど業務量が多くなく、大変ではなかったので、自分のペースで業務を行うことが出来、快適に過ごすことが出来ました。また、何度か外出することがありましたが、外はそれほど暑くなく、過ごしやすさを感じました。,5138531,09月30日,groupa
2024-09-30 17:50:57,朝から母が病院に行くという事で付き添いました。その帰り道でICカードに積み増しをしたかったのでコンビニによりチャージを済ませました。帰宅後はデスクワークを行い、溜まっていた仕事を完了することができました。休憩時には動画配信サイトで懐かしいドラマを視聴し、その面白さに興奮しました。,95866,09月30日,groupc
2024-09-30 17:57:35,薬剤師会から電話が架かってきた。対応がおかしいと思った薬局について土曜日にFAXを送っていたのだった。  現在協議中で、回答までに時間がかるとのことだった。やっぱりそうなったか。該当の薬局に、法令違反の疑いがあるからだ。大事になりそうな。,akimi381,09月30日,groupc
2024-09-30 18:02:54,今日で9月も終わり。この1ヵ月は、真夏と秋の気候が交互に入れ替わり、自律神経が弱い身には辛い時間でした。不眠やめまい、胃腸の不調が特に顕著でなかなか回復しません。  3連休が終わり、今日は久しぶりに息子のお弁当を用意したあとはやっと1人時間が持てました。体調が良ければ、散歩がてらちょっとおいしいランチにでも行きたいところですが、そんな元気はなく家族からお土産にもらった赤福を食べながら撮り溜めたドラマを見ました。「光る君へ」が本当に面白くて、あと3ヶ月で終わってしまうと思うと寂しくてたまりません。,5616595,09月30日,groupb
2024-09-30 18:03:06,今日は職場に新しく入ってきたスタッフさんにお仕事を教えました。    とても緊張していて顔がこわばっていたので「顔！めちゃめちゃこわばってるよ！接客業だからとりあえず笑顔ね！」と緊張ほぐすような言葉をかけながら、色々と業務を教えました。  最初は緊張がとても強かったスタッフさんですが、少しずつお客様の接客をこなすようになって、ちょっとずつ自然に笑顔で接客もできるようになりました。    初仕事で笑顔で接客できるようになって良かったなと思いました。    久々に新しく入ったスタッフさんに仕事を教えるのは大変でしたが、教える事で自分も初心にかえって仕事ができたので良かったです。,4008717,09月30日,groupb
2024-09-30 18:10:04,今日は月命日なので朝の１０時頃にお坊さんが来て一緒にお祈りをしました。お坊さんと少し世間話をした後、店の営業に取り掛かりました。ランチの部の営業が終わって昼食を取り、ディナーの部の仕込みを終わらせた後、帰宅しました。,2810580,09月30日,groupb
2024-09-30 18:14:48,体調不良で朝からヨガをしてからパソコンに向かった。子供達の下校時間、通学路に迎えに行くと通学帽子を被らず歩いて来る次女を発見。更には班長なのに虫を捕まえながら歩いており、他のお友達が激怒していた。呆れる。呆れてイライラするのでなるべく次女と距離を置いた。同じ登校班のママさんからLINEが来て、宿題の書き方が合ってるか質問が。どうも担任教師が統一した書き方を教えていないと判明。誤った書き方でも花丸つけていると分かり衝撃。これじゃ親も子もパニック。先生、一貫性を持って教えてあげてよ。,4175095,09月30日,groupc
2024-09-30 18:39:43,昨日たくさんお酒を飲んだので二日酔いを心配していましたが、今朝はスッキリ起きられてよかったです。今日は一日仕事でしたが、やるべきところまでは終わらせることができたので満足です。先週送ったメールに対する取引先からのメール返信が今日こそはくるかと期待していたのですが、週明けの今日もこずストレスを感じました。明日ことは返信がきますように・・・。,4495877,09月30日,groupb
2024-09-30 18:55:44,今日は仕事が終わった後に、次女を耳鼻科へ連れて行きました。まだ治療が必要なようで、来週も行かなくてはいけません。痛い治療だったようで、かわいそうだなと思いました。予約をしていたのですが、けっこう待たされたので疲れました。,148287,09月30日,groupa
2024-09-30 18:55:20,9月30日快晴。筋肉痛も多少は引きづってるが仕事場へ...安全運転に意識を集中させご老人たちを病院へ送る。リフト付きなので肉体には負担があまりかからないけれど気のゆるみは禁物。意外といつもより早く終わってしまい帰宅できたので、早飯早風呂...眠いので今日は寝ますｚｚｚおやすみなさい。,5162881,09月30日,groupb
2024-09-30 19:05:44,今日は朝から家中の掃除をしました。排水溝の掃除や家具の裏の埃取りなど、細かいところまできれいにしてスッキリとした気持ちになりました。夜は冷蔵庫の中の余り物の食材を使って、晩ご飯をつくりました。ロスなく使い切れると嬉しくなります。身の回りがスッキリと整うと、心も頭も軽くなって気持ちにゆとりが生まれることを改めて実感した1日でした。,1822057,09月30日,groupa
2024-09-30 19:07:21,9/30（月曜日）  朝5時45分起床。9時前に息子を保育園に連れて行き自分は病院へ。その後1人でランチをして百貨店で買い物をした。  息子が朝から車のシールブックがしたいと言っていたので2冊車のシールブックを購入した。  午後からは晩ご飯の準備をして16時に息子を保育園に迎えに行った。  シールブックを渡したら喜んでくれた。  晩ご飯は鶏胸肉のつくねと味噌汁とサラダを食べた。,5517900,09月30日,groupc
2024-09-30 19:08:34,今日で9月も終わりか......明日は10月、今年もあと3ヶ月、まだまだなのかあとこれだけか、どう自分がこの時間を使うのか、大切に過ごしたい。今年初めに立てた目標というかやりたいことを明日見直してみよう、そして残り3ヶ月の目標を立てる。で、仕事の返事はまだ来ないし、ってか1週間って長い、就活みたいに掛け持ちもできないなんて、来年はもっと早く動かないと、という学びかな。っていうかダメだったらすぐ連絡くるよね、いや採用だったらすぐ連絡くるのか、ダメで待たせるってなんなのか、それとも社内的な手続きとかあって1週間なのかよくわからない。まあ何事も縁だけれど、もう一刻も早く働いてここのところの失ったお金をとりあえず取り戻したい。ザザからすごーい久しぶりに連絡がきた、懐かし。フランスにいるのかブラジルにいるのかわからないけれど、猫の世話をしてくれる人を探してるのかな？忙しくて人に連絡してなかったから、まとめて返事書いて、とにかく昔の繋がりも大切にしないとね。,1414611,09月30日,groupb
2024-09-30 19:16:02,今日は平日。いつも通り子どもたちを学校や保育園へ送り出し、家事をしつつ、仕事を開始。暑くなく、心地良い音楽をかけながら、とても捗った。早く仕事が終わったので昼寝して、靴屋やスーパーへ買い出し。夕飯は、ジャガイモとキャベツとソーセージのガリバタ炒め。ジャガイモの火の通りが絶妙で、我ながら大成功だった。本日も晩酌が楽しい。,5218071,09月30日,groupa
2024-09-30 19:14:25,今日は朝のメールチェックで嬉しいご相談があり、1日良い気分で過ごせたと思う。これがうまく契約に繋げられると良いけれど、まずは良い関係性を築いていかないと。  あと明日から10月なので今年もあと3ヵ月しかないことに気付いてちょっと焦っている。今年やろうと思っていたことは、まだ半分もできていない気がする。年内のスケジュールを調整できるところはしようと思った。    ,5134695,09月30日,groupb
2024-09-30 19:21:50,慌ただしくあっという間に1日が過ぎた。予期しないことも沢山あったけど何とか乗り切れてよかった。最近どうしてるかなと気になっていた友達に偶然出会えてびっくり。色々と近況報告できたしお互いに元気なのが分かって嬉しかった。今夜は簡単にカレーの夕食。程よく疲れてよく眠れそうだ。,2884266,09月30日,groupc
2024-09-30 19:20:10,今日は朝起きてすぐにシャワーを浴びて、その後、いつも通りパソコンの前に座り仕事を始めました。非常に順調にことが進み、まったくストレスなく夕方まで仕事に没頭できました。その後、ウォーキングと買い物に行きました。昨日痛かった脚の関節痛が、今日はほとんど気にならなかったので、なんだかとても嬉しい気持ちになりました。気候も秋っぽくなってきて、とても気持ちが良かったです。,2511054,09月30日,groupc
2024-09-30 19:32:31,今日は月曜日で、朝から仕事でした。長時間座りっぱなしでいたせいか、腰が痛くなってきたため、帰宅後は軽くストレッチをしておきました。夕食は自炊するのが面倒だったので、出前を取って簡単に済ませることにしました。,1041184,09月30日,groupb
2024-09-30 19:27:40,今日は月末で仕事が忙しく、足のむくみと肩こりがすごいです。頭も少し痛い・・・。朝晩は涼しくなったけど、まだまだ日中は暑くて汗がでます。明日から10月とは思えない日中の気温です。１週間前から始めたゲームのレベルアップがいまいちで、進まないよ～。,4548801,09月30日,groupc
2024-09-30 19:31:29,今日は昨日一日出掛けた疲れが取りきれず、ややだるい身体で1日が始まった。仕事もイマイチ力が入らず面倒に感じていて、やる気がいつもより入らなかった。お昼に昨日買ったパンを食べて少し元気になった。夕方に歩きに行ったら気分転換になってスッキリした。,2600289,09月30日,groupa
2024-09-30 19:14:36,今日は日差しが強く9月も最後の日なのに夏を感じるような暑さでした。お昼に母の食事を用意し、その後裏庭で体力や筋力維持の為、少しの時間歩行の訓練をさせました。母は最低限の日常生活はできるものの、買い物などの外出は出来ない状態です。まさに半介護状態でこの先、劇的な改善は見込めないので先行きの不安や悩みの原因になっています。ある意味平和でごく平凡な一日でした。,SGヘルスケア,09月30日,groupa
2024-09-30 19:30:56,今日は朝5：30に起床。寝起きすぐにシャワーを浴び、朝食を済ませる。7：００に家を出る。17：00に帰宅し、夕食に焼きそばを作る。筋トレを少し行った後、入浴した。入浴後はvalorantというゲームをPCでプレイした。,KoHaRu09,09月30日,groupc
2024-09-30 19:39:12,今日はパートの仕事に行きました。夕飯は家族が買ってきてくれたファーストフードを食べました。海老バーガーとフライドポテトが美味しかったです。一日働いて帰ってきて食べる夕食はとても美味しく感じられます。夕飯後は届いていた新刊の漫画を読みました。,shigenoi,09月30日,groupb
2024-09-30 19:47:10,今日は歯医者に行きました。  長年ほったらかしにしていた親知らずを今年6月に抜き、その流れで歯医者に通院中です。  抜歯した親知らずは横向きにはえていました。数十年も前から抜歯を進められていたのにも関わらず、痛くもないし恐怖感もあり、放置していました。  歯医者も長年ご無沙汰でしたので、親知らずよりその横の歯がひどい虫歯になっていて、神経などをぬく大掛かりな治療になっています。  問題は、治療前はとても快適に過ごしていたのに、逆に治療を始めてから不具合を感じている事です。  治療中に傷ついたのか、理由は不明だけど、歯茎が腫れ変形して出血。噛むのも依然と比べて違和感があります。  その不安を歯医者に相談するも、「たまにあること」「いつまでも待っても仕方がない。そろそろ治療を完了させるべき」「特に問題ないが、元通りにはならない」とのこと。  結局、今日かぶせ物をしてこの歯の治療は完了したけど、きれいな歯茎でない状態での治療に不安は残ります。  医者も歯医者も治療となれば専門的な事なので、素人の患者には何も分からず、口出しも出来ず、身体を無防備に預ける状態になります。不安です。  簡単な説明はあっても、「私が責任持ちますので、安心してください」とはっきり口にしてくれるような医者は、ほぼいません。  できるだけ責任回避できるような言い回しをする医者が多く、疑問を持っても結局は医者を頼り、任せるしか道はない。  今回に関しては、セカンドオピニオンするほどのことでもない気がして、ちょっと不安な気持ちで治療を終えました。,khi1_b4aa,09月30日,groupb
2024-09-30 19:54:21,今日は朝7時に起きて朝ご飯を食べました。午前中はパソコンで作業をしていました。12時半頃にお昼ご飯を食べました。午後からは将棋の中継をABEMAで見ていました。午後17時頃に趣味のランニングを1時間ほどして汗を流しました。午後18時にお風呂に入りました。その後夜ご飯を食べながら将棋中継をABEMAでずっと見ていました。,603644,09月30日,groupc
2024-09-30 19:57:00,上半期の最終日ということで朝から締めの仕事に忙殺される。この先忙しい月初が待っているのに、また新しい仕事を入れられてんやわんやだ。果たして自分はこの一週間を乗り切ることができるのだろうか？コロナ以来、鼻と耳の調子も悪いし不安がちょっと先行しているなあ。,5054908,09月30日,groupa
2024-09-30 20:00:20,9月最終日で忙しい月曜日だったけど、お昼に好きなアーティストの新しく発表された曲を聴いて気分が上がった。ノリの良い曲で珍しくポップな雰囲気の曲でフル尺で聴けるのが楽しみになった。リリース日も早々に決まってて安心した。,4150657,09月30日,groupc
2024-09-30 20:01:50,今日は一日中、学校の課題に取り組みました。難しくて、思った以上に時間がかかってしまい、少し疲れましたが、達成感があります。課題を終わらせて、ほっと一息。次の授業に備えて、また頑張ろうと思います！明日も頑張りたいです,yume43,09月30日,groupc
2024-09-30 20:02:31,今日は朝からクライアントさんとZOOMで会議をしました。ZOOMを使うのは久しぶりでしたので、緊張しましたが無事に終わりました。昼ごはんを食べてから仕事をしました。旦那さんが帰ってきたので、仕事を切り上げてスーパーに買い物に行きました。お腹が空いていたのでたくさん買ってしまいました。今日は仕事で疲れたので、早めに寝ます。,3423503,09月30日,groupb
2024-09-30 20:03:00,今朝は子どもたちが体に乗った状態で、起こさないように様子を見ながら起床しました。  慌ただしく支度をして、子どもたちをこども園に送り、出勤しました。  月末で様々な作業をしなくてはならず、まだ慣れていないため頭が混乱しかなり疲れましたががんばりました。時間になったら退勤し、子どもたちを迎えに行きました。  帰りにポストに寄り、仕事の郵便物を投函しようとしたら子どもたちがしたいというので二人でやってもらいました。  帰宅後片づけや食事の準備をし、入浴し夕食を食べました。,3158965,09月30日,groupa
2024-09-30 20:00:32,YouTubeを見たら新しい「ドーナツホール」のMVがあがっていた。誰かのカバーかと思ったら本家だった。久々のハチさんでの投稿で、びっくりした。ゴディバとのコラボで、12月末までのコラボチョコあり、欲しいけど高い。,1472598,09月30日,groupa
2024-09-30 20:11:42,非常に天気が良い。朝食を経て朝作業に。メジャーリーグのドジャース・大谷翔平の試合を見ながら作業をした。今日は昼から実家にテレビ関連の不調で業者が来るらしく、それのお手伝いとして一時間だけ手伝った。結果としては外付けHDDとチューナーの故障が原因で取り換えてもらった。結果としてやはり録画データが全部死んでしまったらしくかなり落ち込んでた。のだが、景気づけに夕飯は鰻を食いに行くかと誘われ食べに行った。月曜日もあってお店も空いてて快適でなによりも鰻が非常に美味しかった。,5704605,09月30日,groupa
2024-09-30 20:24:18,夫とイオンのATMとゲーセンとカプセルトイのお店に行きました。カプセルトイのアプリでおみくじをひけるクーポンがあったのでやってみたら本当におみくじだけでショボいと思いました。店員さんに苦笑されて気まずかったです。午後からはメルカリで買った商品やAmazonで買った物が届きました。夕方には子供の宿題がなかなか終わらなくて大変でした。,4556406,09月30日,groupa
2024-09-30 20:24:31,夫とイオンのATMとゲーセンとカプセルトイのお店に行きました。カプセルトイのアプリでおみくじをひけるクーポンがあったのでやってみたら本当におみくじだけでショボいと思いました。店員さんに苦笑されて気まずかったです。午後からはメルカリで買った商品やAmazonで買った物が届きました。夕方には子供の宿題がなかなか終わらなくて大変でした。,4556406,09月30日,groupa
2024-09-30 20:22:13,今日は平日の始まりということもあって朝から若干ダルいスタートといった日だった。また、日中は若干暑くて、もうすぐ10月だというのにいつまで暑い日が続くのかといった憂鬱な気分にもなった。ただ、平日毎日夕食後に行う筋トレの時間帯は気温も落ち着いて涼しくなり、風も程よく吹いていたため快適な筋トレの時間を過ごすことができて一日の終わりとしては満足な終わり方だと思った。,3312891,09月30日,groupa
2024-09-30 20:17:40,今日は９月末ということで、職場でちょっとした前期の打ち上げがあった。  明日からまた後期が始まり、毎日仕事に追われる毎日なのだろうが、  それでも一区切りがあると少しホッとする。  残念ながら明日から普通に勤務なので、早めに打ち上げを抜けて帰宅した。  ちょっとした自分へのご褒美にコンビニで豆大福を買ってしまった。  最近毎日甘いものを食べてしまっている気がしているので、明日から少し控えようと思う。,2848289,09月30日,groupc
2024-09-30 20:28:07,今日は出社の日でした。午前中は事務作業、午後は外出でバタバタしていましたが、なんとか定時で帰ることができました。  アフター５は、化粧品の買い物に行ったのに売り切れで残念…。なので本屋さんに行って、ガイドブックを買って帰りました。,5034632,09月30日,groupc
2024-09-30 20:32:11,久しぶりに友人Aに会う。彼女は同じ頃に結婚、出産し、その後お互いが育児に追われる形で近くに住みながらも疎遠になってしまっている。彼女は小4のひとり娘といっしょにやってきた。実のところ私は相談事があったのだが、何一つ話せないまま2時間くらいで別れた。子どもという存在が疎ましく感じる。他人のそれは本当に愛せない。わがままで大人同士が会話することを遮断することだけに注力し、あらゆる手段でもって気を引こうとする。泣いたり笑ったり怒ったり叫んだり暴れたり、時に母を強くたたいたり罵倒もする。現代の子ども特有の悪い部分を突きつけられ、これから長く続く子育てをギブアップしたい思いでいっぱいになる。,2268853,09月30日,groupc
2024-09-30 20:32:31,今日は仕事の合間に、食材などの買い出しと、宅配便の受け取り、公共料金の支払いのために、近所のスーパーとコンビニに行ってきた。  野菜、果物、洗剤などを購入。  暑くも寒くもない過ごしやすくて良い陽気。  夕飯は鯖の味噌煮。美味しかった。,tamachi3,09月30日,groupa
2024-09-30 20:12:11,今日は月曜日の朝、週明けは起きるのがつらいが仕事のため6時に起きて支度を始める。8時に自宅を出るまでにシャワー、髪のセット、化粧、朝食、身支度、仕事の準備といつもどうり時間に余裕がない。8時に家を出て駅まで徒歩5分、電車で通勤しているためこの時間のラッシュに悩まされる。会社には早めに到着し仕事の準備を始める。と言っても新たなプロジェクトが始まるための研修中である。2週で終わる予定が長引いている。通常の業務と違い気楽だと思っていたが意外と覚える事が多く大変です。6時に仕事が終わり電車の中で今日の夕飯を考えていました。結局ほか弁を買って帰ることに。。。いつもどうり手抜きでした。(笑),4362605,09月30日,groupc
2024-09-30 20:34:32,今日の天気は、曇りのち晴れだった。クラウドワークスのタスク案件をこなしつつ、プロジェクト案件への応募も行った。以前に応募していた案件で契約もできたので、昨日・一昨日に比べたら意義のある一日だった。自民党の総裁に石破が選ばれたことで、金利や消費税の引き上げを主張していたことから、日経平均が約2000円の下落。景気が逆戻りしてしまいそうで、石破には早く辞めてもらいたい気持ちで一杯。,5596175,09月30日,groupc
2024-09-30 20:29:56,今日も朝6時頃に起き、いつもと同じスケジュールで仕事を終えました。仕事自体は暇でしたが、月末のため他部署へ提出する書類が多く、終業後の方が忙しかったです。    帰りに本屋に寄り、最近ハマっている推理漫画を数冊購入して帰宅しました。これからシャワーを浴びて、軽く夕食をとりながら漫画を読んで、ゆっくり過ごそうと思います。,115345,09月30日,groupa
2024-09-30 20:42:48,仕事で久しぶりに2週間ぶりに出社でした。普段は在宅ワークなので、直接会ってコミュニケーションを取る機会を大事にしています。仕事のことだけでなくプライベートのことも仲のいい同僚と話しをする機会があって楽しかったです。ただ、上司とはあまり上手くいかないのは変わっていないです。上司との関係が良くなれば、もう少し出社頻度を増やしたいです。,727067,09月30日,groupc
2024-09-30 20:44:43,今日はがん保険の期限がきれるということで、保険会社の人が継続の手続きにやって来た。たまたま仕事が休みで家にいた長男を見て、「〇〇（長男の名前）さん、今日はお休みなんですか？確か△△に勤めてましたよね」と保険屋さんが言った。どうやら5年前に息子について主人から聞いたらしい。でも5年前に一度聞いただけで覚えているなんてすごい！さすが営業マンだなと感じた。またそれと同時にちょっとしたことを相手が覚えていてくれると嬉しいなと思った。私も相手の言葉をしっかり聞いて、その人のことやその家族のことをきちんと覚えておこうと思った。,2106307,09月30日,groupa
2024-09-30 20:45:15,今日は休日でしたが、掃除や買い出し、料理や仕事の残りなど、やるべきことがたくさんあった。しかし、ダラダラ過ごしてしまったため、どれも中途半端になり、気分がすっきりしなかった。明日は運転免許の更新で、少し心配なことがあるため、余計に気持ちが落ち着かない。今日は早めに寝て、明日に備えたいと思う。,275137,09月30日,groupb
2024-09-30 20:48:36,お米が思ったように購入できていない。他の食料品も値上がりしているので値段が高いのは仕方がないが、店頭に在庫が無いケースが多い。需給が逼迫してるとは思えないので入荷して店頭に並んだらすぐに誰かが購入しているようだ。仕事があるので平日に朝からお米を買いには行けないので甚だ困る。  ,adagietto,09月30日,groupa
2024-09-30 20:31:16,朝6時に起きました。朝食を食べて身支度をし、7時から事務の仕事（リモートワーク）を開始しました。12時に昼食を作って食べ、13時まで休憩。その後、今月分の仕事上のお金のやりとりの計算をしてその結果を職場の同僚にメールで報告。お金の振り込みがあるので家の近くの郵便局へ行ってきました。家に帰宅すると14時過ぎで、それから18時まで再び事務仕事を行いました。    その後、夕飯を家族が作ってくれている間にシャワーを浴び、19時頃に夕飯を食べました。今月は何故か車のガソリン代が高かったので「どうしてなんだろう？」と家族みんなで話をし、他にもテレビでニュースを見ながらああだこうだと話しながら食べました。    20時頃から食器を洗ったり歯を磨いたりし、あとは寝るだけです。23時頃に寝る予定ですがそれまでU-NEXTでドラマを見て過ごそうと思っています。,114735,09月30日,groupb
2024-09-30 20:51:23,今日は掃除を頑張りました。日常の掃除もしましたが、近々来客の予定があるため、少し力をいれた掃除もしました。空調などは普段なかなか手をつけないですが、この機会に作業しました。全体的に、掃除をしたことで気持ちもすっきりしました。,3982463,09月30日,groupb
2024-09-30 20:57:47,今日は、一日中在宅の仕事でパソコンに向かっていました。連休続きなどでなかなか今月は作業をすることができなかったので久々に一日中パソコンに向かっているのは大変でしたが、仕事を終えた後の達成感がありました。明日は、子どもたちの学校がお休みなので映画を一緒に観に行こうと思っています。,5057931,09月30日,groupa
2024-09-30 20:58:02,今日も昨日に引き続きお腹の調子が悪く、なんだかやる気がわかず。最低限やるべきことをなんとかやりきった後は、たらたらと時間を過ごしてしまった。明日は久々に出かける予定もあるし、今日は早く寝て明日は元気に過ごしたい！,2658832,09月30日,groupc
2024-09-30 20:59:13,カフェインを減らし、食事もお腹が空いたら我慢しないようにすることで、少し疲労感は解消された気がする。練習は週二より、週四くらいのほうがなぜか身体が楽だ。今日は、仕事とやるべき家事などをして一日が終わった。友達の子どもがわたしにとても懐いてくれて、嬉しいけれど距離感が難しい。できることはしたいけど、所詮他人なのでどこまで踏み込んでいいものか。寄り添うの正解は一体なんだろう。,4462118,09月30日,groupb
2024-09-30 21:01:10,少しだけ涼しさ残る朝を迎えた月曜日。  次第に雲も少なくなり晴れ間も見えてきた午前中は気持ちよさもありすっきりとした気分でした。  午前中の仕事を軽く済ませた後に、リフレッシュしようとカフェへと行きました。  昼食も兼ねていましたので１時間はいたでしょう。  午後からの仕事をしっかりとしてゆっくりと楽しみな夜を過ごすために大好きなコーヒーを作って部屋に行き最大のリラックスタイムです。  今日は面白い映画もやっていて、それを観ながらSNSを触りつつ就寝まで寛いでいます。  週が始まったばかりですが10月の始まりに向けてエネルギー補充出来ました。,877724,09月30日,groupb
2024-09-30 21:08:05,今朝リビングの窓の外に薄茶色の猫がいて家の中を覗いていました。野良猫なのか家猫なのかわからないのですが時々姿を見かけます。傍に行って見つめても逃げる様子はありません。じっと見つめてくるので、「どうしたの？おうちはどこなの？おなかすいてるの？」と話しかけてみました。そのうち我が家の猫たちが気が付いて唸り始めてしまったので、カーテンを閉めて見えないようにしました。寂しいのかなと気になっています。また会えると良いな。,5024777,09月30日,groupc
2024-09-30 21:09:39,今日は、久しぶりにちゃんと掃除をやりました。「ちゃんと」という言い方は、おかしいのかもしれないけど、最近ずっと忙しくて、寝る時間を割いて家事をする状態が続いて、いつも適当に掃除をしていたので、以前から気になっている個所がいくつかあり、今日はそこを掃除する事ができて、気持ちがスッキリしました。それと、いつもはお風呂を嫌がる母が、今日は素直に入ってくれて、その上、いつもは嫌がる洗髪を、今日は、嫌がらずに洗わせてくれて、こちらも気持ちがスッキリです。今日一日、イライラが無くて良かったです。明日も、この調子で過ごせると良いのになぁ。,5208842,09月30日,groupc
2024-09-30 21:20:46,今日は週明けで普通に仕事だったが、正直言って体調が悪くてちょっと大変だった。立っていられないとか熱があるとかではないが、なんとなく体がだるくてやや吐き気も感じた。とは言え、簡単には休ませてもらえない職場なので、なんとかだましだまし頑張った。あまり食欲はないが、何か食べないと体がもたないので、昼食も夕食も菓子パンを買ってきて野菜ジュースで流し込んだ。このままでは明日が心配なので、とりあえず今夜は早く寝たいと思う。,4802537,09月30日,groupb
2024-09-30 21:18:20,今朝急に息子が学校の大事な行事に行かないと言い出して慌てた。何か月もこの日を楽しみにしていたのに。結局いつものようにギリギリの時間になって学校に出かけて行った。  夕方、地元で有名な音楽家のサロンコンサートに友達に誘われて行った。知り合いばかりの集まりらしく少しバツが悪かった。コンサートでは日本の古い民謡などをハープとフルートで演奏するという中身だった。少し疲れ気味だったが心地良い音色に少し頭痛が収まった気がした。その後友達とお茶に行く。その年下の友人から、最近マッチングで知り合った人と何度かデートしているが進展しない等の話を聞く。,1065632,09月30日,groupb
2024-09-30 21:28:16,今日は朝から娘が大声で騒ぐので午前中で体力がなくなってしまいそうでした。  しないといけない家事を終わらせ、娘がようやく寝たので、私も休憩しようと思い、昨日の残りのカレーをブランチとして食べました。  夕方は愛犬を連れて海辺に行き散歩をしました。  夕陽が見れたり、虹が見れたりと、とても景色に癒されました。,4863528,09月30日,groupc
2024-09-30 21:27:12,2024年9月30日　晴れ  今日は仕事だった。  午前6時に起床。  7時までに用意を終わらせ出社。  普段の仕事は終日所内にいることが多いが、今日は終日外回りだった。  午前中の案件を終了させ、お昼は公園でファミチキを食べた。  昼からは少し眠かったがなんとか定時まで耐えた。  定時後はゲームセンターに行き、ガンダムのオンラインゲームを楽しんだ。  今日は月曜日だったこともあり、疲れたな。  明日も無理せずに頑張ります。,5479130,09月30日,groupc
2024-09-30 21:27:45,今日は八時に出勤して12時まで仕事。取引先の方とお昼ご飯にうな重を食べました。めちゃくちゃ高くてかなううまかった。それから17時まで会議。クーラーがきつくてかなり寒くて集中できんかったけど言えず会議終了、帰宅。,5348603,09月30日,groupa
2024-09-30 21:17:52,末っ子がけがをした。歯ブラシがのどに刺さって出血した。いつも気を付けていて、歯磨きは座ってするように教えていたのに、姉とぶつかってしまった。  ネットで調べてみると、喉の傷に歯ブラシの菌が入り腫れると危ないと書かれていてとても不安になった。病院で診てもらい幸い大事には至らなかったけど、これからはもっと注意しようと思った。,sayo_91,09月30日,groupa
2024-09-30 21:18:50,夕飯のメニューは、ごはん・麻婆茄子・刺身盛り合わせ・青菜・ボイルしたとうもろこし・昨日の残りのカレーだった。ご飯に関しては、新米を家族が知り合いから調達したという事で食べてみたところ、甘みがあって冷めても美味しさが残っていたのが印象的だった。今年の新米は例年と比較すると高値になるので、クーポンを使ってなるべく節約をして購入しておきたい。,109960,09月30日,groupc
2024-09-30 21:31:56,今日もバイトでしたが、特に問題もなく過ごせました。  帰りに友人と居酒屋へ飲みにいきました。  私も友人も独身なので気兼ねなく飲み食いできて楽しめたから良かったです。  帰りも車で送ってもらい、少し時間が遅くなりましたが、  そこから日課のウォーキングを小一時間ほどやってきました。  帰りに通り雨にあって不快でしたが、まぁ全体的には良かった一日だったと思います。,4551146,09月30日,groupb
2024-09-30 21:32:57,朝からテンション高い日を過ごせました。今日から新調したスーツを着たので朝からハイテンションだったので意識高い系を目指して朝スタバしました。午後から出勤して17時15分までがっつり仕事して帰宅。誰にもスーツ気づかれず。,5957432,09月30日,groupc
2024-09-30 21:32:15,運動会の写真のことでちょっと嫌な気持ちになったけど、その次元では生きてないし、気にしすぎず日々やるべきことをやって、好きなことや家族との時間を大切にしようと思う。  ママ友との関係、距離感はいまだによくわからない。人によるけど。人間不信にもなるし中学生みたいなこともある。  明日は健康診断。前ひっかかった検査も問題なければいいな。  子どもも疲れが出てるけど熱とかでなければいいな。振替休日なしは結構ハード。,5084625,09月30日,groupb
2024-09-30 21:37:02,朝8時に起床。リモートワークをする時間までずっとゴロゴロ。一応見られてるか分からんけど寝ぐせ直したりして就業時間。18時くらいまで仕事をしました。そのあとにスーパーに食料品を買いに行き、雨に濡れて帰りました。,5859850,09月30日,groupa
2024-09-30 21:38:29,今日は朝から在宅ワークで仕事をしました。昼ご飯は餃子の王将で酢豚定食を食べました。仕事が終わり、家族でサイゼリヤで夕食を食べました。息子は最初こそポテトやピザに喜んでいましたが、すぐに飽きてしまい帰りたそうにしていました。,4562747,09月30日,groupb
2024-09-30 21:44:44,今日は朝早くに目が覚めて散歩をした。その後昼間も散歩に出かけたが歩数計アプリが作動していなかったせいで歩数計測が出来なかった。歩数によってポイントが貯まるアプリなので、結局ポイントのために余計に歩く羽目になった。散歩の途中で図書館に行きドラえもんの漫画を読んでいた。面白かった。,3045407,09月30日,groupa
2024-09-30 21:41:57,今日は出社の日で、いつもより早く会社に着いたので時差出勤扱いとし、30分早く帰ることに決めた。今日からプロジェクトの移行リハーサルだが、プロジェクトリーダーが的確な指示をくれないので作業が捗らない。上のマネージャーに指導を依頼した。退勤後はヨドバシカメラに寄り、前から欲しかった魔法のスパイスを買う。しかし売り場がわからずかなりの時間ロスとなる。帰宅後は食事をしながら預かっているお地蔵さまについての話をすr。やはり犬がいなくなった寂しさはつらい。就寝直前に納品していたWEB記事原稿の差し戻しが届き、少しへこむ。あらかたの修正箇所は調査し、記事も更新したが、念のため明日もう一度見直してから提出することにする。今日は疲れたので早めに就寝。エアコンはつけずになんとか寝られそうだ。,3551128,09月30日,groupa
2024-09-30 21:55:01,今日は晴れて暑さが戻った。外で少し動いただけでも汗だくになった。  2日間仕事を休んでしまったので、今日はしっかりやらなければという気持ちになった。  昼からは仕事を中断して眼科に行った。事前予約ができるが、それでも患者さんが多いので待ち時間が長くなった。そのせいで会計が終わる頃にはくたくただ。  今日は仕事、眼科以外にもやることがあったので、運動は休止とした。  9月は今日で終わり。明日から10月だ。,3954203,09月30日,groupb
2024-09-30 21:57:01,今日は、ずっと髪が伸びていることが気になっていたので、午前中から美容室に髪を切りに行きました。  美容室の明るい光が、寝不足の身体に応えましたが理想通りの髪型にしてもらうことができました。  夕ご飯は大好物のアラビアータを食べて満足な一日でした。  買い物に行くと、パン屋さんでおまけのパンを付けてもらえて嬉しかったです。,5012138,09月30日,groupc
2024-09-30 21:58:19,今日は始業から業務が多く、一日仕事に追われている日だった。  そのかわり、今日こなすべき最低限のノルマは達成できたので、疲れともにほっとした心境になっている。  明日もトラブルなく仕事ができるよう願いながら、そろそろ明日に向けての準備をして休む。,4758400,09月30日,groupa
2024-09-30 22:03:33,朝ドラが今日からおむすび。虎に翼とのギャップが激しい。久々に少女漫画を読んだような気分。そしてB'zもものすごく久々に聴いた。松平健がおじいちゃんで麻生久美子がお母さんなら娘は橋本環奈だよなぁと改めて思った。  充希ちゃん、外であまり遊ばず。30分しないうちに「そろそろ」と言って家の中に入ろうとする。この子もインドアか。でもビタミンDは生成してほしい。  昨日作れなかった離乳食のかぼちゃバターをなんとか作ってストックを増やした。私えらい。,1220629,09月30日,groupa
2024-09-30 21:56:35,今日は電気代について驚いた日でした。  朝から夜まで普通に仕事をし、夜18時頃に帰宅したら電気代とガス代の請求書が入っていました。  確認したところ、ガス代は安かったのですが問題は電気代。  約8000円程かかっていたんです。  今住んでいるところへ引っ越して数年経過しますけど、夏にここまで電気代がかかったことはありません。  気になって昨年同月の電気代を調べてみたら4900円台と今年とは3000円程の差があります。  そんなに使ったか？と電気使用量を確認すると、昨年同月は225kwhで今年は253kwhと一割消費電力が増えているだけ。なのに電気料金は6割増しなの？とビックリ。  去年と同じように電気を使っていると冬は一万円越えか。気を付けなきゃと戦々恐々としました。,367640,09月30日,groupb
2024-09-30 22:01:47,九月三十日。月曜日。今日は起きてから仕事である執筆作業に入ったあと、ひと段落がついたところで購入した古着の洗濯をした。襟元の黄ばみを落とすため、食器用洗剤を使った。効果はあまり期待していなかったが、ほとんど完璧に落ちて驚いた。しかし袖の部分に洗剤がかかってしまい、そこが少し変色したことがショックだった。,776557,09月30日,groupc
2024-09-30 21:55:40,今日は良い天気で気温もちょうど良く、犬の散歩をするにはとても良かった。  お昼に「ぽかぽか」を観ていてゲストにハリセンボンが出ていた。近藤春菜さんが料理を振る舞っている写真がお店の女将さんみたいでめちゃくちゃ面白かった。  今日でなくなるポイントがあるから、Amazonで前々から注文しようと思っていた物をやっと注文した。  ずっと気になっていた洗顔石けんとBBクリームと歯磨き粉。数日前までBBクリーム安かったのに200円高くなっていた…ショック。もっと早く注文すれば良かったと後悔。,3153377,09月30日,groupc
2024-09-30 22:18:46,今日は2ヶ月ぶりにBスポット治療に行きました。  7月8月は息子のコロナ感染で行けなかったので、昨日 息子の皮膚に水ぶくれができた時はヒヤヒヤしましたが、今日は無事に良くなっておりBスポット治療に行けて良かったです。治療は相変わらず結構痛かったです。治療の帰りにいつもホームセンターにトイレを借りによるのですが、そのホームセンターの駐車場から新幹線を見ることができるため それをとても楽しみにしている息子が可愛かったです。先日はやぶさとこまちが連結が外れてしまったニュースを見て心配していた息子が、無事連結している車両を見て安心している姿もなんだか可愛いなと思いました。連日 書いていますが このように可愛い姿を見せてくれるのもあと少し こういう時間を大切にしたいなと思います。,4587175,09月30日,groupa
2024-09-30 22:24:21,今日は仕事を普通にこなせたものの、体調がおもわしくなかった。昨日、体調が良くなったことに調子づいて、休みなく掃除しまくったせいかもしれない。今年の夏は例年の高温に加え、超高湿度という初めて経験する過酷な夏だったので、それで体調不良が長引いているのもあるのかもしれない。まずはとにかく休むことだ。もう寝ることにしよう。,1610899,09月30日,groupa
2024-09-30 22:15:41,朝7時に起床、洗顔、食事をして身支度。出勤の準備をして、8時半に自宅を出る。9時から店でパート勤務。セルフレジの対応や商品の搬入作業。12時から1時まで昼休憩。5時まで勤務。5時半まで買い物。6時に帰宅し、食事作り。昨日いただいた野菜でおかずが数品できた。7時半から食事して8時半までに後片付け。雑事をこなし9時に入浴。暑さも和らいできたので、久々にお湯を入れて浸かる、とても気持ちいい。10時より書類とメールチェック。要らないものを全て削除。テレビを新しくしたので、パスワード管理や設定に時間がかかってしまう。最新の機器は操作が難しくて手こずる。BS接続をチェックして終了。音楽番組を少し見て、今日は本を読まず就寝。,4815918,09月30日,groupb
2024-09-30 22:46:20,仕事が終わり家に帰ると、どうしようもなく眠たくなった。しかし、今日の昼食はとても少なかったので同時にお腹も空いていた。眠るのを躊躇するほどの空腹を最短時間で満たすために、素麺をゆがいて食べていたところ、親から電話がかかってきた。最近大きな仕事を任され休む暇もなく働いている親からのこの時間の電話は基本外食のお知らせだ。しかも今回は炭火焼き肉を提示された。食べていた素麺を半分残し、若干満たされたお腹で食べわた焼き肉は美味しかったが、少し惜しいことをした気分になった。残った麺は焼いて、汁は揚げ出し豆腐の出汁にして明日食べようと思う。,5664835,09月30日,groupb
2024-09-30 22:57:25,今日は、土日の間に購入できなかったものを購入するために、午前中から電話をして在庫を調べました。2件目にかけたところで残り１つということで、店員さんのご厚意で取り置きをしてもらいました。子供2人を連れてお店まで行き無事に購入することができました。2人を連れて行くのはとても大変で、1人で2人を連れて行くのは当分やめようと誓った1日となりました。,2799811,09月30日,groupc
2024-09-30 23:00:03,今日は午前中は在宅ワーク。午後は１３時３０分に子供が家に帰ってきてから話を聞いたり、オセロをして遊んだ。在宅ワークだと子供との時間が充分取れるのでありがたい。夕飯後、塾への送迎。夜２２時３０分まで塾で勉強をしているため、それまで親も寝ることができない。巣立つまで一緒に頑張ろうと思う。,Togotogo,09月30日,groupa
2024-09-30 23:08:35,今日は朝子供たちを学校に送り出してから、ラジオ体操をしたり、血糖値を下げる運動などをしました。  来週、健康診断があるためです。  いつも大体の数値はかなり良い方ですが、ここ数年血圧だけが高く、少しでも下げたいのでたくさん運動しました。  血圧を下げるという韃靼そば茶を沸かして飲みました。香ばしくて美味しいです。  いつも食後に何かしらお菓子を食べますが、今日は我慢しました。  色々頑張って、23時頃に血圧を測りましたが、全く下がっていませんでした。  特に下の血圧がいつも90を超えています。  夜更かしが大好きで、毎日深夜2時前後に寝ているせいかと思いますが、早く寝ることがなかなか出来ません。  今日もすでに遅くなってしまっています。  明日こそ早く寝たいです。,2511924,09月30日,groupa
2024-10-01 00:02:46,今日も右足がずっとつりそうな感覚があって、大変だった。産休交代の求人に応募してきてくれた人の履歴書と職務経歴書を見た。「これぞ事務！」という感じ。若くはないけど、ちゃんと仕事してくれそうな感じの人のように思うので、あとは面接さえ突破してくれれば採用したい。うまくいけば、個人的な在宅の仕事とかもお願いできないかな・・・と思っているけど、どうだろう。  副業の仕事、産休中はほとんど作業できないだろうから、少し受注量減らさないといけないと思いつつ、どんどん増えている・・・。嬉しい悲鳴だけど、後々自分の首をしめることになるから、気をつけないとな・・・。悩ましい。,4056938,10月01日,groupc
